method,target_load,avg_actual_load,avg_memory_load,avg_core_load,avg_balance_score,std_balance_score,avg_success_rate,std_success_rate,avg_failure_rate,avg_allocated_count,avg_failure_count,avg_objective,std_objective,avg_num_gpus,avg_num_pods,exp_dir
dqn,0.6,0.6394769372784078,0.6090892857142857,0.5033794979530274,0.1566702728607289,0.0689791211961303,1.0,0.0,0.0,10.34,0.0,1.843329727139271,0.0689791211961303,3.0,10.34,DQN2/outputs_load_exp/load_0.6
random,0.6,0.6394769372784078,0.6090892857142857,0.5033794979530274,0.393042872095995,0.1547569387756368,1.0,0.0,0.0,10.34,0.0,1.6069571279040051,0.1547569387756367,3.0,10.34,DQN2/outputs_load_exp/load_0.6
simple-spread,0.6,0.6394769372784078,0.6090892857142857,0.5033794979530274,0.2602456871384139,0.0928464697201124,1.0,0.0,0.0,10.34,0.0,1.739754312861586,0.0928464697201124,3.0,10.34,DQN2/outputs_load_exp/load_0.6
volcano-binpack,0.6,0.6394769372784078,0.6090892857142857,0.5033794979530274,0.643257829548373,0.1426415053399419,1.0,0.0,0.0,10.34,0.0,1.3567421704516271,0.1426415053399419,3.0,10.34,DQN2/outputs_load_exp/load_0.6
volcano-spread,0.6,0.6394769372784078,0.6090892857142857,0.5033794979530274,0.2202353564774603,0.0778710955236847,1.0,0.0,0.0,10.34,0.0,1.7797646435225396,0.0778710955236848,3.0,10.34,DQN2/outputs_load_exp/load_0.6
dqn,0.8,0.8435845714742772,0.7998172799422799,0.7017971028154852,0.2229465381533435,0.0919957469600177,0.99397668997669,0.0248034671577211,0.00602331002331,14.46,0.08,1.7529602217534164,0.1589067336331107,3.0,14.54,DQN2/outputs_load_exp/load_0.8
random,0.8,0.8435845714742772,0.7998172799422799,0.7017971028154852,0.2912854673474362,0.1118825729198694,0.9940886809269162,0.0206171021774762,0.0059113190730837,14.46,0.08,1.6850692563602283,0.1587705801818399,3.0,14.54,DQN2/outputs_load_exp/load_0.8
simple-spread,0.8,0.8435845714742772,0.7998172799422799,0.7017971028154852,0.2461516664678792,0.0959060839221328,0.9875514526752918,0.0274261652599506,0.0124485473247083,14.36,0.18,1.7040541442332875,0.1741986718291715,3.0,14.54,DQN2/outputs_load_exp/load_0.8
volcano-binpack,0.8,0.8435845714742772,0.7998172799422799,0.7017971028154852,0.3482884212744326,0.0841799448988545,0.9972380952380951,0.013676345857795,0.0027619047619047,14.5,0.04,1.6406639596779482,0.1078723917000742,3.0,14.54,DQN2/outputs_load_exp/load_0.8
volcano-spread,0.8,0.8435845714742772,0.7998172799422799,0.7017971028154852,0.2281379479298507,0.0892772792830901,0.9902924596043792,0.0247303624296986,0.0097075403956208,14.4,0.14,1.7330318904876656,0.1392685819069901,3.0,14.54,DQN2/outputs_load_exp/load_0.8
dqn,1.0,1.0383361650604297,1.0116848845598845,0.8638974179415355,0.1895967563194099,0.0767484202302416,0.9135343757026688,0.0458163581874407,0.0864656242973311,15.94,1.46,1.4645407464912656,0.2356420213600649,3.0,17.4,DQN2/outputs_load_exp/load_1.0
random,1.0,1.0383361650604297,1.0116848845598845,0.8638974179415355,0.2489676905956676,0.0945860000765497,0.8998134685269562,0.0480994568598266,0.1001865314730438,15.66,1.74,1.3502861835121571,0.2593717134059095,3.0,17.4,DQN2/outputs_load_exp/load_1.0
simple-spread,1.0,1.0383361650604297,1.0116848845598845,0.8638974179415355,0.2253371580866158,0.1014433546318194,0.9042201744240712,0.0464925653578002,0.0957798255759287,15.74,1.66,1.3915435396096694,0.2623505163526125,3.0,17.4,DQN2/outputs_load_exp/load_1.0
volcano-binpack,1.0,1.0383361650604297,1.0116848845598845,0.8638974179415355,0.2224085355456867,0.0939376078572374,0.9216349400252012,0.0375620615025803,0.0783650599747988,16.04,1.36,1.464131224555118,0.2118743345140858,3.0,17.4,DQN2/outputs_load_exp/load_1.0
volcano-spread,1.0,1.0383361650604297,1.0116848845598845,0.8638974179415355,0.1937410571712618,0.0881571735812821,0.9073763959377096,0.0384708312521193,0.0926236040622903,15.8,1.6,1.435764526579577,0.213597475772119,3.0,17.4,DQN2/outputs_load_exp/load_1.0
dqn,1.2,1.2342705072705074,1.192030844155844,1.0166100382460677,0.178347775104519,0.0689306880505167,0.8368363041902684,0.0287338554621431,0.1631636958097316,17.18,3.32,1.1689974416565545,0.1321108051895314,3.0,20.5,DQN2/outputs_load_exp/load_1.2
random,1.2,1.2342705072705074,1.192030844155844,1.0166100382460677,0.2203745964315754,0.1034261600288687,0.7982091843365501,0.0533101623033686,0.2017908156634499,16.38,4.12,0.9724621409146248,0.2895128464622864,3.0,20.5,DQN2/outputs_load_exp/load_1.2
simple-spread,1.2,1.2342705072705074,1.192030844155844,1.0166100382460677,0.2630581889367238,0.1123374572941027,0.7848226583066804,0.0543557851228303,0.2151773416933196,16.1,4.4,0.8762324442899977,0.3045874596319667,3.0,20.5,DQN2/outputs_load_exp/load_1.2
volcano-binpack,1.2,1.2342705072705074,1.192030844155844,1.0166100382460677,0.225445873996183,0.1110448383673048,0.8022382643291109,0.0565120218260193,0.197761735670889,16.42,4.08,0.9835071833202612,0.305811935622263,3.0,20.5,DQN2/outputs_load_exp/load_1.2
volcano-spread,1.2,1.2342705072705074,1.192030844155844,1.0166100382460677,0.2026672806797632,0.1025549316876765,0.7982509726987987,0.048318510314935,0.2017490273012012,16.36,4.14,0.9903366101154318,0.262569910890831,3.0,20.5,DQN2/outputs_load_exp/load_1.2
dqn,1.5,1.5356277978557389,1.4946562950937952,1.287704535660418,0.1817871086595387,0.0951507651361211,0.7357969441267358,0.0363065784921624,0.2642030558732643,19.3,6.94,0.761400667847404,0.1894966485742769,3.0,26.24,DQN2/outputs_load_exp/load_1.5
random,1.5,1.5356277978557389,1.4946562950937952,1.287704535660418,0.1968713986910536,0.1124810237261067,0.6608449854012423,0.0579968617596186,0.3391550145987576,17.3,8.94,0.4465085429139157,0.308510684212477,3.0,26.24,DQN2/outputs_load_exp/load_1.5
simple-spread,1.5,1.5356277978557389,1.4946562950937952,1.287704535660418,0.2291773475059527,0.1267948220945944,0.6599777348385342,0.0647465904361547,0.3400222651614657,17.28,8.96,0.4107335918481844,0.3459985075722175,3.0,26.24,DQN2/outputs_load_exp/load_1.5
volcano-binpack,1.5,1.5356277978557389,1.4946562950937952,1.287704535660418,0.2092352910919715,0.1092329196914121,0.6502632892689949,0.0615616733866776,0.3497367107310051,17.02,9.22,0.391817865984008,0.3114273567517185,3.0,26.24,DQN2/outputs_load_exp/load_1.5
volcano-spread,1.5,1.5356277978557389,1.4946562950937952,1.287704535660418,0.1886271146354493,0.0984992998247607,0.6801519017059436,0.0578684196890974,0.3198480982940563,17.84,8.4,0.5319804921883252,0.2830669042685882,3.0,26.24,DQN2/outputs_load_exp/load_1.5
